country,isocode,year,gdp
Afghanistan,AFG,2000,427.41159801
Afghanistan,AFG,2001,406.17028745
Afghanistan,AFG,2002,614.79428917
Afghanistan,AFG,2003,703.85687546
Afghanistan,AFG,2004,696.60119982
Afghanistan,AFG,2005,775.73406402
Afghanistan,AFG,2006,799.44551245
Afghanistan,AFG,2007,894.20756456
Afghanistan,AFG,2008,894.03717506
Afghanistan,AFG,2009,1018.1215108
Afghanistan,AFG,2010,1049.3561327
Albania,ALB,2000,3416.4155775
Albania,ALB,2001,3526.9366307
Albania,ALB,2002,3628.6563604
Albania,ALB,2003,4064.4126869
Albania,ALB,2004,4559.6710265
Albania,ALB,2005,4938.8053472
Albania,ALB,2006,5397.9722021
Albania,ALB,2007,5902.0533877
Albania,ALB,2008,6606.3197824
Albania,ALB,2009,6789.507472
Albania,ALB,2010,6616.6311368
Algeria,DZA,2000,4990.6918708
Algeria,DZA,2001,5066.0979606
Algeria,DZA,2002,5253.0065625
Algeria,DZA,2003,5552.0843277
Algeria,DZA,2004,5762.4742831
Algeria,DZA,2005,5988.778111
Algeria,DZA,2006,6003.4077298
Algeria,DZA,2007,6109.9586621
Algeria,DZA,2008,6178.5892853
Algeria,DZA,2009,6179.0461007
Algeria,DZA,2010,6260.2076956
Angola,AGO,2000,2331.8187469
Angola,AGO,2001,2191.4481917
Angola,AGO,2002,2485.7308983
Angola,AGO,2003,2458.1573151
Angola,AGO,2004,2598.9291038
Angola,AGO,2005,3055.026874
Angola,AGO,2006,3598.6463605
Angola,AGO,2007,4465.243661
Angola,AGO,2008,4965.3360293
Angola,AGO,2009,5166.6961359
Angola,AGO,2010,5108.1901714
Antigua and Barbuda,ATG,2000,13899.350729
Antigua and Barbuda,ATG,2001,14118.635187
Antigua and Barbuda,ATG,2002,14768.15562
Antigua and Barbuda,ATG,2003,14217.781474
Antigua and Barbuda,ATG,2004,14955.639216
Antigua and Barbuda,ATG,2005,15007.772469
Antigua and Barbuda,ATG,2006,16044.352592
Antigua and Barbuda,ATG,2007,17671.223239
Antigua and Barbuda,ATG,2008,16789.6058
Antigua and Barbuda,ATG,2009,15211.898043
Antigua and Barbuda,ATG,2010,14472.069315
Argentina,ARG,2000,8901.7558981
Argentina,ARG,2001,8552.1403223
Argentina,ARG,2002,7915.6655719
Argentina,ARG,2003,8441.5893181
Argentina,ARG,2004,8977.0806232
Argentina,ARG,2005,9670.7097711
Argentina,ARG,2006,10321.747302
Argentina,ARG,2007,11001.484181
Argentina,ARG,2008,11480.311874
Argentina,ARG,2009,11590.130731
Argentina,ARG,2010,12337.59335
Armenia,ARM,2000,2518.3000102
Armenia,ARM,2001,2837.3029308
Armenia,ARM,2002,3185.6634693
Armenia,ARM,2003,3481.5886469
Armenia,ARM,2004,3939.8695895
Armenia,ARM,2005,4452.0563096
Armenia,ARM,2006,4969.2976359
Armenia,ARM,2007,5495.9993439
Armenia,ARM,2008,5627.7272999
Armenia,ARM,2009,5246.8050416
Armenia,ARM,2010,5411.6120268
Australia,AUS,2000,34086.447724
Australia,AUS,2001,34948.564063
Australia,AUS,2002,35820.034743
Australia,AUS,2003,36964.395624
Australia,AUS,2004,37653.778919
Australia,AUS,2005,38383.842182
Australia,AUS,2006,39281.345147
Australia,AUS,2007,40287.276406
Australia,AUS,2008,40387.130132
Australia,AUS,2009,40814.645672
Australia,AUS,2010,41107.48518
Austria,AUT,2000,33625.001359
Austria,AUT,2001,33838.958103
Austria,AUT,2002,34266.470244
Austria,AUT,2003,34558.424204
Austria,AUT,2004,35231.651445
Austria,AUT,2005,36150.994517
Austria,AUT,2006,37348.433905
Austria,AUT,2007,38761.100366
Austria,AUT,2008,39329.920394
Austria,AUT,2009,37634.091423
Austria,AUT,2010,38585.630349
Azerbaijan,AZE,2000,2525.2621621
Azerbaijan,AZE,2001,2772.4300938
Azerbaijan,AZE,2002,3019.7234714
Azerbaijan,AZE,2003,3379.2969237
Azerbaijan,AZE,2004,3792.3837022
Azerbaijan,AZE,2005,4659.0012808
Azerbaijan,AZE,2006,5979.1502676
Azerbaijan,AZE,2007,7342.4946728
Azerbaijan,AZE,2008,8064.9395229
Azerbaijan,AZE,2009,8831.2036059
Azerbaijan,AZE,2010,9478.9994337
Bahamas,BHS,2000,31351.022154
Bahamas,BHS,2001,31683.991781
Bahamas,BHS,2002,32079.883066
Bahamas,BHS,2003,31407.469114
Bahamas,BHS,2004,31412.989811
Bahamas,BHS,2005,32374.296201
Bahamas,BHS,2006,33197.494206
Bahamas,BHS,2007,33317.433387
Bahamas,BHS,2008,32265.740857
Bahamas,BHS,2009,30213.931704
Bahamas,BHS,2010,30113.746968
Bahrain,BHR,2000,20786.330803
Bahrain,BHR,2001,20820.932997
Bahrain,BHR,2002,22003.969929
Bahrain,BHR,2003,21770.039534
Bahrain,BHR,2004,22022.30149
Bahrain,BHR,2005,22013.142255
Bahrain,BHR,2006,22836.85641
Bahrain,BHR,2007,23996.683265
Bahrain,BHR,2008,24560.306616
Bahrain,BHR,2009,23151.670309
Bahrain,BHR,2010,23096.511678
Bangladesh,BGD,2000,907.50287308
Bangladesh,BGD,2001,935.91727119
Bangladesh,BGD,2002,1000.8635634
Bangladesh,BGD,2003,1028.9200204
Bangladesh,BGD,2004,1059.0158128
Bangladesh,BGD,2005,1085.5311877
Bangladesh,BGD,2006,1128.6283285
Bangladesh,BGD,2007,1169.3463156
Bangladesh,BGD,2008,1231.2434606
Bangladesh,BGD,2009,1296.4181036
Bangladesh,BGD,2010,1370.9790796
Barbados,BRB,2000,28215.125807
Barbados,BRB,2001,27134.016972
Barbados,BRB,2002,26309.021309
Barbados,BRB,2003,26350.225105
Barbados,BRB,2004,28211.611849
Barbados,BRB,2005,28575.046313
Barbados,BRB,2006,28942.213384
Barbados,BRB,2007,29964.070679
Barbados,BRB,2008,30120.424675
Barbados,BRB,2009,28009.025448
Barbados,BRB,2010,28112.245293
Belarus,BLR,2000,6153.3445437
Belarus,BLR,2001,6824.0337871
Belarus,BLR,2002,7280.8544056
Belarus,BLR,2003,7685.3647654
Belarus,BLR,2004,8216.1239879
Belarus,BLR,2005,9177.0940526
Belarus,BLR,2006,9795.8679055
Belarus,BLR,2007,10876.291605
Belarus,BLR,2008,12070.82104
Belarus,BLR,2009,12403.249284
Belarus,BLR,2010,13504.33473
Belgium,BEL,2000,31678.43395
Belgium,BEL,2001,31757.531857
Belgium,BEL,2002,32002.030844
Belgium,BEL,2003,32192.288568
Belgium,BEL,2004,33281.073969
Belgium,BEL,2005,33892.679153
Belgium,BEL,2006,34822.053333
Belgium,BEL,2007,35871.433167
Belgium,BEL,2008,36172.729483
Belgium,BEL,2009,34825.331707
Belgium,BEL,2010,35558.523643
Belize,BLZ,2000,7754.0691818
Belize,BLZ,2001,7909.6565572
Belize,BLZ,2002,8481.4336823
Belize,BLZ,2003,8696.900854
Belize,BLZ,2004,9055.927244
Belize,BLZ,2005,8980.7218597
Belize,BLZ,2006,9485.263924
Belize,BLZ,2007,9200.5964594
Belize,BLZ,2008,9261.731337
Belize,BLZ,2009,9156.6012526
Belize,BLZ,2010,9056.1174302
Benin,BEN,2000,1098.4866418
Benin,BEN,2001,1136.1864391
Benin,BEN,2002,1145.275605
Benin,BEN,2003,1164.1917259
Benin,BEN,2004,1163.7238101
Benin,BEN,2005,1136.4096132
Benin,BEN,2006,1160.8082033
Benin,BEN,2007,1168.7491786
Benin,BEN,2008,1182.5211139
Benin,BEN,2009,1186.5417145
Benin,BEN,2010,1176.7473682
Bermuda,BMU,2000,34989.632415
Bermuda,BMU,2001,34526.374729
Bermuda,BMU,2002,41899.436797
Bermuda,BMU,2003,42874.271622
Bermuda,BMU,2004,44222.330999
Bermuda,BMU,2005,46119.029676
Bermuda,BMU,2006,48562.673248
Bermuda,BMU,2007,50301.897467
Bermuda,BMU,2008,49784.862884
Bermuda,BMU,2009,45460.407272
Bermuda,BMU,2010,45862.01968
Bhutan,BTN,2000,2328.4980591
Bhutan,BTN,2001,2806.002669
Bhutan,BTN,2002,2987.8771782
Bhutan,BTN,2003,3138.2868575
Bhutan,BTN,2004,3109.499871
Bhutan,BTN,2005,3037.9724837
Bhutan,BTN,2006,3304.6642411
Bhutan,BTN,2007,3497.0207794
Bhutan,BTN,2008,3408.0084081
Bhutan,BTN,2009,3838.98071
Bhutan,BTN,2010,3947.696116
Bolivia,BOL,2000,3117.1397173
Bolivia,BOL,2001,3133.6364452
Bolivia,BOL,2002,3128.152411
Bolivia,BOL,2003,3170.7860875
Bolivia,BOL,2004,3258.0332633
Bolivia,BOL,2005,3312.7407131
Bolivia,BOL,2006,3418.8549546
Bolivia,BOL,2007,3498.936317
Bolivia,BOL,2008,3613.2837369
Bolivia,BOL,2009,3661.0830307
Bolivia,BOL,2010,3743.1514799
Bosnia and Herzegovina,BIH,2000,4403.0470411
Bosnia and Herzegovina,BIH,2001,4478.1181518
Bosnia and Herzegovina,BIH,2002,4593.2622873
Bosnia and Herzegovina,BIH,2003,4666.3106281
Bosnia and Herzegovina,BIH,2004,4625.9186391
Bosnia and Herzegovina,BIH,2005,4828.065757
Bosnia and Herzegovina,BIH,2006,5222.5283331
Bosnia and Herzegovina,BIH,2007,5664.9813195
Bosnia and Herzegovina,BIH,2008,6017.3499809
Bosnia and Herzegovina,BIH,2009,5881.553556
Bosnia and Herzegovina,BIH,2010,5941.9285123
Botswana,BWA,2000,8701.0977061
Botswana,BWA,2001,8366.4439057
Botswana,BWA,2002,8946.7931969
Botswana,BWA,2003,9062.3014518
Botswana,BWA,2004,9850.4544318
Botswana,BWA,2005,9441.3789244
Botswana,BWA,2006,9806.1510476
Botswana,BWA,2007,10489.724485
Botswana,BWA,2008,10851.97151
Botswana,BWA,2009,9276.0717266
Botswana,BWA,2010,9673.1139514
Brazil,BRA,2000,6834.3428848
Brazil,BRA,2001,6818.1313232
Brazil,BRA,2002,6854.7481919
Brazil,BRA,2003,6816.5025584
Brazil,BRA,2004,7118.3030538
Brazil,BRA,2005,7234.0496685
Brazil,BRA,2006,7432.3039278
Brazil,BRA,2007,7789.2159444
Brazil,BRA,2008,8085.5963596
Brazil,BRA,2009,7975.7692567
Brazil,BRA,2010,8324.7010638
Brunei,BRN,2000,48107.635343
Brunei,BRN,2001,48795.735655
Brunei,BRN,2002,50159.617882
Brunei,BRN,2003,50683.161206
Brunei,BRN,2004,50713.233065
Brunei,BRN,2005,48775.908863
Brunei,BRN,2006,50448.326427
Brunei,BRN,2007,47850.737971
Brunei,BRN,2008,44350.658886
Brunei,BRN,2009,43351.433297
Brunei,BRN,2010,44543.010808
Bulgaria,BGR,2000,6591.6200734
Bulgaria,BGR,2001,6941.5936224
Bulgaria,BGR,2002,7315.4274105
Bulgaria,BGR,2003,7790.7238029
Bulgaria,BGR,2004,8364.438951
Bulgaria,BGR,2005,8903.995493
Bulgaria,BGR,2006,9503.3882418
Bulgaria,BGR,2007,10164.057035
Bulgaria,BGR,2008,10779.621241
Bulgaria,BGR,2009,10399.025992
Bulgaria,BGR,2010,10588.961425
Burkina Faso,BFA,2000,753.06225726
Burkina Faso,BFA,2001,770.38829095
Burkina Faso,BFA,2002,768.37507942
Burkina Faso,BFA,2003,797.00520538
Burkina Faso,BFA,2004,807.56978163
Burkina Faso,BFA,2005,848.87068863
Burkina Faso,BFA,2006,876.53667313
Burkina Faso,BFA,2007,884.03138829
Burkina Faso,BFA,2008,911.26450658
Burkina Faso,BFA,2009,896.55127995
Burkina Faso,BFA,2010,929.68840606
Burundi,BDI,2000,389.41563197
Burundi,BDI,2001,384.23145615
Burundi,BDI,2002,396.16577593
Burundi,BDI,2003,377.92902198
Burundi,BDI,2004,378.73659697
Burundi,BDI,2005,372.59919532
Burundi,BDI,2006,375.56019764
Burundi,BDI,2007,393.61078707
Burundi,BDI,2008,398.40945527
Burundi,BDI,2009,396.12888421
Burundi,BDI,2010,395.89122982
Cambodia,KHM,2000,1023.9473024
Cambodia,KHM,2001,1085.0181085
Cambodia,KHM,2002,1154.0272193
Cambodia,KHM,2003,1229.3773211
Cambodia,KHM,2004,1337.8961216
Cambodia,KHM,2005,1489.046957
Cambodia,KHM,2006,1618.1988542
Cambodia,KHM,2007,1704.5854492
Cambodia,KHM,2008,1792.428213
Cambodia,KHM,2009,1875.6696294
Cambodia,KHM,2010,1890.0383153
Cameroon,CMR,2000,1636.6452477
Cameroon,CMR,2001,1662.29379
Cameroon,CMR,2002,1692.7424519
Cameroon,CMR,2003,1722.1106263
Cameroon,CMR,2004,1741.1085574
Cameroon,CMR,2005,1742.6942489
Cameroon,CMR,2006,1759.622005
Cameroon,CMR,2007,1781.3415464
Cameroon,CMR,2008,1756.9051433
Cameroon,CMR,2009,1745.7399159
Cameroon,CMR,2010,1747.9412302
Canada,CAN,2000,33565.191519
Canada,CAN,2001,33762.808919
Canada,CAN,2002,34449.734675
Canada,CAN,2003,34885.265413
Canada,CAN,2004,35765.434683
Canada,CAN,2005,36653.896913
Canada,CAN,2006,37379.82782
Canada,CAN,2007,37885.723269
Canada,CAN,2008,37750.491175
Canada,CAN,2009,36252.853168
Canada,CAN,2010,37110.403145
Cape Verde,CPV,2000,2351.5535836
Cape Verde,CPV,2001,2450.8212632
Cape Verde,CPV,2002,2584.144943
Cape Verde,CPV,2003,2631.7319136
Cape Verde,CPV,2004,2778.606555
Cape Verde,CPV,2005,2845.9190065
Cape Verde,CPV,2006,3098.4801135
Cape Verde,CPV,2007,3466.7888048
Cape Verde,CPV,2008,3696.3686001
Cape Verde,CPV,2009,3676.5380896
Cape Verde,CPV,2010,3910.0559865
Central African Republic,CAF,2000,605.80250969
Central African Republic,CAF,2001,595.45494827
Central African Republic,CAF,2002,581.67516132
Central African Republic,CAF,2003,527.67314594
Central African Republic,CAF,2004,532.70568437
Central African Republic,CAF,2005,532.31562161
Central African Republic,CAF,2006,516.44252906
Central African Republic,CAF,2007,528.31588676
Central African Republic,CAF,2008,537.19812556
Central African Republic,CAF,2009,520.85940476
Central African Republic,CAF,2010,586.9823983
Chad,TCD,2000,729.86254192
Chad,TCD,2001,771.31075112
Chad,TCD,2002,824.4251762
Chad,TCD,2003,910.82346553
Chad,TCD,2004,1244.107789
Chad,TCD,2005,1295.7103574
Chad,TCD,2006,1262.5579652
Chad,TCD,2007,1212.4529359
Chad,TCD,2008,1180.996112
Chad,TCD,2009,1293.0417679
Chad,TCD,2010,1331.7460601
Chile,CHL,2000,9338.3633954
Chile,CHL,2001,9577.3354114
Chile,CHL,2002,9664.1939954
Chile,CHL,2003,9937.5143027
Chile,CHL,2004,10514.228161
Chile,CHL,2005,11068.385077
Chile,CHL,2006,11490.129614
Chile,CHL,2007,11976.838321
Chile,CHL,2008,12426.653677
Chile,CHL,2009,11832.700168
Chile,CHL,2010,12526.564198
China Version 1,CHN,2000,2823.2946686
China Version 1,CHN,2001,3043.0537732
China Version 1,CHN,2002,3293.7319741
China Version 1,CHN,2003,3588.7459971
China Version 1,CHN,2004,3915.4617166
China Version 1,CHN,2005,4335.1194671
China Version 1,CHN,2006,4855.3827108
China Version 1,CHN,2007,5511.3609844
China Version 1,CHN,2008,6013.4505546
China Version 1,CHN,2009,6519.134412
China Version 1,CHN,2010,7129.7392381
China Version 2,CH2,2000,3173.6955507
China Version 2,CH2,2001,3364.7759484
China Version 2,CH2,2002,3746.5195289
China Version 2,CH2,2003,4054.4955695
China Version 2,CH2,2004,4458.1398245
China Version 2,CH2,2005,4802.163789
China Version 2,CH2,2006,5325.5644026
China Version 2,CH2,2007,5955.2297877
China Version 2,CH2,2008,6500.1785006
China Version 2,CH2,2009,7075.3715782
China Version 2,CH2,2010,7746.0661986
Colombia,COL,2000,5795.1268784
Colombia,COL,2001,5833.3308278
Colombia,COL,2002,5900.7752368
Colombia,COL,2003,6052.9978441
Colombia,COL,2004,6286.1690634
Colombia,COL,2005,6490.9916268
Colombia,COL,2006,6830.3119295
Colombia,COL,2007,7204.6190048
Colombia,COL,2008,7354.039444
Colombia,COL,2009,7385.7889662
Colombia,COL,2010,7534.4775485
Comoros,COM,2000,945.57048044
Comoros,COM,2001,980.25123397
Comoros,COM,2002,1003.941007
Comoros,COM,2003,976.3845091
Comoros,COM,2004,936.76797137
Comoros,COM,2005,939.82498776
Comoros,COM,2006,926.88568674
Comoros,COM,2007,909.13459063
Comoros,COM,2008,872.10493721
Comoros,COM,2009,852.40942564
Comoros,COM,2010,856.2020878
Congo - Dem. Rep.,ZAR,2000,179.99185517
Congo - Dem. Rep.,ZAR,2001,187.04993853
Congo - Dem. Rep.,ZAR,2002,201.7433404
Congo - Dem. Rep.,ZAR,2003,181.7523187
Congo - Dem. Rep.,ZAR,2004,195.67032411
Congo - Dem. Rep.,ZAR,2005,207.46952517
Congo - Dem. Rep.,ZAR,2006,213.82564969
Congo - Dem. Rep.,ZAR,2007,222.44542739
Congo - Dem. Rep.,ZAR,2008,230.62787314
Congo - Dem. Rep.,ZAR,2009,231.39926416
Congo - Dem. Rep.,ZAR,2010,240.46084045
Congo - Republic of,COG,2000,2256.3638513
Congo - Republic of,COG,2001,2157.0051287
Congo - Republic of,COG,2002,2151.5746998
Congo - Republic of,COG,2003,2061.1789055
Congo - Republic of,COG,2004,2046.5088248
Congo - Republic of,COG,2005,2183.4027296
Congo - Republic of,COG,2006,2226.2795762
Congo - Republic of,COG,2007,1992.3646326
Congo - Republic of,COG,2008,2077.0908882
Congo - Republic of,COG,2009,2132.9813866
Congo - Republic of,COG,2010,2253.734769
Costa Rica,CRI,2000,8870.1120922
Costa Rica,CRI,2001,8905.8979776
Costa Rica,CRI,2002,9022.5524446
Costa Rica,CRI,2003,9360.6478345
Costa Rica,CRI,2004,9585.0470939
Costa Rica,CRI,2005,9939.3157848
Costa Rica,CRI,2006,10618.367176
Costa Rica,CRI,2007,11232.051256
Costa Rica,CRI,2008,11466.753365
Costa Rica,CRI,2009,11147.935716
Costa Rica,CRI,2010,11502.853568
Cote d`Ivoire,CIV,2000,1477.2606209
Cote d`Ivoire,CIV,2001,1409.6230744
Cote d`Ivoire,CIV,2002,1343.9995003
Cote d`Ivoire,CIV,2003,1308.1699081
Cote d`Ivoire,CIV,2004,1296.7440272
Cote d`Ivoire,CIV,2005,1298.4991757
Cote d`Ivoire,CIV,2006,1285.5020832
Cote d`Ivoire,CIV,2007,1282.5450096
Cote d`Ivoire,CIV,2008,1297.3645793
Cote d`Ivoire,CIV,2009,1272.6181991
Cote d`Ivoire,CIV,2010,1283.3609579
Croatia,HRV,2000,11320.692951
Croatia,HRV,2001,11730.089975
Croatia,HRV,2002,12252.864409
Croatia,HRV,2003,12901.691582
Croatia,HRV,2004,13439.383194
Croatia,HRV,2005,14028.284933
Croatia,HRV,2006,14742.382624
Croatia,HRV,2007,15497.505306
Croatia,HRV,2008,15851.057832
Croatia,HRV,2009,14875.05731
Croatia,HRV,2010,14672.203076
Cuba,CUB,2000,7193.6837763
Cuba,CUB,2001,7432.7425688
Cuba,CUB,2002,7623.5577636
Cuba,CUB,2003,8016.7236263
Cuba,CUB,2004,8366.4914805
Cuba,CUB,2005,8948.255586
Cuba,CUB,2006,10048.289522
Cuba,CUB,2007,10741.290964
Cuba,CUB,2008,10902.316185
Cuba,CUB,2009,11310.779815
Cuba,CUB,2010,11508.674658
Cyprus,CYP,2000,17074.118474
Cyprus,CYP,2001,17431.412139
Cyprus,CYP,2002,17567.802797
Cyprus,CYP,2003,17503.327706
Cyprus,CYP,2004,17985.400488
Cyprus,CYP,2005,18240.100681
Cyprus,CYP,2006,18624.432843
Cyprus,CYP,2007,19333.065568
Cyprus,CYP,2008,19724.428575
Cyprus,CYP,2009,18875.167664
Cyprus,CYP,2010,18753.763745
Czech Republic,CZE,2000,16588.678199
Czech Republic,CZE,2001,17149.584883
Czech Republic,CZE,2002,17570.530423
Czech Republic,CZE,2003,18255.854306
Czech Republic,CZE,2004,19102.586427
Czech Republic,CZE,2005,20346.884205
Czech Republic,CZE,2006,21765.242259
Czech Republic,CZE,2007,23006.261665
Czech Republic,CZE,2008,23752.865323
Czech Republic,CZE,2009,22700.416939
Czech Republic,CZE,2010,23394.3811
Denmark,DNK,2000,33113.160918
Denmark,DNK,2001,33180.155823
Denmark,DNK,2002,33272.27405
Denmark,DNK,2003,33224.352136
Denmark,DNK,2004,33915.580707
Denmark,DNK,2005,34677.479099
Denmark,DNK,2006,35875.660123
Denmark,DNK,2007,36330.372254
Denmark,DNK,2008,35858.530598
Denmark,DNK,2009,33366.348342
Denmark,DNK,2010,33716.830793
Djibouti,DJI,2000,1976.0063363
Djibouti,DJI,2001,1806.2092588
Djibouti,DJI,2002,1796.571152
Djibouti,DJI,2003,1872.9886647
Djibouti,DJI,2004,2006.4303138
Djibouti,DJI,2005,2009.5428835
Djibouti,DJI,2006,2139.1398572
Djibouti,DJI,2007,2101.4293241
Djibouti,DJI,2008,2086.2808016
Djibouti,DJI,2009,2266.7352485
Djibouti,DJI,2010,2411.716771
Dominica,DMA,2000,5639.7926426
Dominica,DMA,2001,5570.093747
Dominica,DMA,2002,5396.3087194
Dominica,DMA,2003,5771.0390284
Dominica,DMA,2004,5931.5716129
Dominica,DMA,2005,5926.8011365
Dominica,DMA,2006,6180.0034832
Dominica,DMA,2007,6531.2656014
Dominica,DMA,2008,6944.8618094
Dominica,DMA,2009,6965.2904008
Dominica,DMA,2010,7349.7232921
Dominican Republic,DOM,2000,7280.2770449
Dominican Republic,DOM,2001,7307.9357747
Dominican Republic,DOM,2002,7599.6549937
Dominican Republic,DOM,2003,7227.6638537
Dominican Republic,DOM,2004,7231.7887706
Dominican Republic,DOM,2005,7895.8631994
Dominican Republic,DOM,2006,8675.5135462
Dominican Republic,DOM,2007,9310.3954872
Dominican Republic,DOM,2008,9744.1330808
Dominican Republic,DOM,2009,9866.4205626
Dominican Republic,DOM,2010,10506.050741
Ecuador,ECU,2000,4628.3075791
Ecuador,ECU,2001,4823.9270448
Ecuador,ECU,2002,4959.6864703
Ecuador,ECU,2003,5012.4075714
Ecuador,ECU,2004,5310.9837756
Ecuador,ECU,2005,5519.978051
Ecuador,ECU,2006,5688.0568643
Ecuador,ECU,2007,5741.6723901
Ecuador,ECU,2008,6073.5418979
Ecuador,ECU,2009,5965.8071214
Ecuador,ECU,2010,6226.0785062
Egypt,EGY,2000,3655.8827466
Egypt,EGY,2001,3724.9988349
Egypt,EGY,2002,3756.4004641
Egypt,EGY,2003,3808.5005411
Egypt,EGY,2004,3888.6033883
Egypt,EGY,2005,3968.3869846
Egypt,EGY,2006,4166.0793398
Egypt,EGY,2007,4340.4614574
Egypt,EGY,2008,4558.6277284
Egypt,EGY,2009,4711.000525
Egypt,EGY,2010,4852.6415026
El Salvador,SLV,2000,5326.6756978
El Salvador,SLV,2001,5423.1920415
El Salvador,SLV,2002,5500.5331303
El Salvador,SLV,2003,5603.8498678
El Salvador,SLV,2004,5688.0356405
El Salvador,SLV,2005,5888.3750426
El Salvador,SLV,2006,6123.3090765
El Salvador,SLV,2007,6358.0152896
El Salvador,SLV,2008,6389.0144169
El Salvador,SLV,2009,6083.465031
El Salvador,SLV,2010,6167.5370934
Equatorial Guinea,GNQ,2000,5942.1547295
Equatorial Guinea,GNQ,2001,8745.3661897
Equatorial Guinea,GNQ,2002,10334.657181
Equatorial Guinea,GNQ,2003,11228.844574
Equatorial Guinea,GNQ,2004,15007.976633
Equatorial Guinea,GNQ,2005,14912.669856
Equatorial Guinea,GNQ,2006,14411.658215
Equatorial Guinea,GNQ,2007,15197.054649
Equatorial Guinea,GNQ,2008,15492.673471
Equatorial Guinea,GNQ,2009,15000.410936
Equatorial Guinea,GNQ,2010,13952.479241
Eritrea,ERI,2000,815.51193999
Eritrea,ERI,2001,808.39096753
Eritrea,ERI,2002,787.63886256
Eritrea,ERI,2003,763.10578024
Eritrea,ERI,2004,710.02455341
Eritrea,ERI,2005,704.60203629
Eritrea,ERI,2006,654.16340853
Eritrea,ERI,2007,651.89566588
Eritrea,ERI,2008,583.47438385
Eritrea,ERI,2009,577.78868945
Eritrea,ERI,2010,586.78186469
Estonia,EST,2000,10990.516942
Estonia,EST,2001,11735.62519
Estonia,EST,2002,12527.041341
Estonia,EST,2003,13590.67482
Estonia,EST,2004,14573.537119
Estonia,EST,2005,15962.354502
Estonia,EST,2006,17637.916739
Estonia,EST,2007,19065.7841
Estonia,EST,2008,18346.280738
Estonia,EST,2009,16483.984591
Estonia,EST,2010,17017.474514
Ethiopia,ETH,2000,414.94961398
Ethiopia,ETH,2001,431.98994465
Ethiopia,ETH,2002,426.92109108
Ethiopia,ETH,2003,405.57800659
Ethiopia,ETH,2004,428.92664339
Ethiopia,ETH,2005,475.10666053
Ethiopia,ETH,2006,513.58589484
Ethiopia,ETH,2007,558.1265944
Ethiopia,ETH,2008,602.44074678
Ethiopia,ETH,2009,641.39081701
Ethiopia,ETH,2010,680.99177315
Fiji,FJI,2000,4227.3203711
Fiji,FJI,2001,4115.3401383
Fiji,FJI,2002,4163.8631931
Fiji,FJI,2003,4253.6996505
Fiji,FJI,2004,4223.2235216
Fiji,FJI,2005,4431.4069087
Fiji,FJI,2006,4470.175067
Fiji,FJI,2007,4393.0997104
Fiji,FJI,2008,4336.3424188
Fiji,FJI,2009,4210.2152277
Fiji,FJI,2010,4153.2702375
Finland,FIN,2000,28930.437514
Finland,FIN,2001,29452.777012
Finland,FIN,2002,29776.937466
Finland,FIN,2003,30146.988031
Finland,FIN,2004,31353.491709
Finland,FIN,2005,32293.143995
Finland,FIN,2006,33615.819565
Finland,FIN,2007,35512.617601
Finland,FIN,2008,35543.399192
Finland,FIN,2009,31734.726049
Finland,FIN,2010,32991.910781
France,FRA,2000,29657.844571
France,FRA,2001,30028.616089
France,FRA,2002,30105.90706
France,FRA,2003,30213.192162
France,FRA,2004,30834.478403
France,FRA,2005,31230.273507
France,FRA,2006,31830.867086
France,FRA,2007,32399.706157
France,FRA,2008,32172.476205
France,FRA,2009,31012.113446
France,FRA,2010,31299.299769
Gabon,GAB,2000,10875.018217
Gabon,GAB,2001,10502.473654
Gabon,GAB,2002,10150.929272
Gabon,GAB,2003,10117.736174
Gabon,GAB,2004,9788.5497166
Gabon,GAB,2005,10120.316432
Gabon,GAB,2006,9552.9230106
Gabon,GAB,2007,9894.5036982
Gabon,GAB,2008,9867.2039465
Gabon,GAB,2009,9486.9538669
Gabon,GAB,2010,9899.827192
Gambia,GMB,2000,1222.9244949
Gambia,GMB,2001,1234.4619718
Gambia,GMB,2002,1220.5190403
Gambia,GMB,2003,1205.0022245
Gambia,GMB,2004,1130.4735164
Gambia,GMB,2005,1110.0318716
Gambia,GMB,2006,1135.1433826
Gambia,GMB,2007,1124.2796807
Gambia,GMB,2008,1200.9079275
Gambia,GMB,2009,1258.2481292
Gambia,GMB,2010,1271.1050807
Georgia,GEO,2000,2905.7286248
Georgia,GEO,2001,2890.5556077
Georgia,GEO,2002,3007.741193
Georgia,GEO,2003,3176.9165769
Georgia,GEO,2004,3513.6263198
Georgia,GEO,2005,3732.4697107
Georgia,GEO,2006,4235.0957839
Georgia,GEO,2007,4606.8459383
Georgia,GEO,2008,4920.4434832
Georgia,GEO,2009,4956.5978341
Georgia,GEO,2010,5102.8714026
Germany,GER,2000,30988.234463
Germany,GER,2001,31354.181673
Germany,GER,2002,31217.974967
Germany,GER,2003,31101.196083
Germany,GER,2004,31445.338254
Germany,GER,2005,31657.47404
Germany,GER,2006,32928.688213
Germany,GER,2007,34133.899109
Germany,GER,2008,34577.882661
Germany,GER,2009,32707.921221
Germany,GER,2010,34085.346088
Ghana,GHA,2000,1477.7294136
Ghana,GHA,2001,1475.4522029
Ghana,GHA,2002,1511.587895
Ghana,GHA,2003,1552.049149
Ghana,GHA,2004,1592.0568874
Ghana,GHA,2005,1658.091419
Ghana,GHA,2006,1706.7242596
Ghana,GHA,2007,1749.581688
Ghana,GHA,2008,1905.153393
Ghana,GHA,2009,1953.4889611
Ghana,GHA,2010,2093.4354719
Greece,GRC,2000,21059.57987
Greece,GRC,2001,21886.518416
Greece,GRC,2002,22539.951781
Greece,GRC,2003,23998.045891
Greece,GRC,2004,24933.413291
Greece,GRC,2005,25308.156611
Greece,GRC,2006,26804.668739
Greece,GRC,2007,27597.778881
Greece,GRC,2008,27425.860321
Greece,GRC,2009,26159.719383
Greece,GRC,2010,25225.515906
Grenada,GRD,2000,14668.653716
Grenada,GRD,2001,13894.244205
Grenada,GRD,2002,14058.679887
Grenada,GRD,2003,15256.482171
Grenada,GRD,2004,14257.691372
Grenada,GRD,2005,15890.181532
Grenada,GRD,2006,15366.723007
Grenada,GRD,2007,15977.604984
Grenada,GRD,2008,16020.756206
Grenada,GRD,2009,14656.936024
Grenada,GRD,2010,14659.739821
Guatemala,GTM,2000,5376.2282993
Guatemala,GTM,2001,5376.2049685
Guatemala,GTM,2002,5471.1776874
Guatemala,GTM,2003,5490.625686
Guatemala,GTM,2004,5527.6510412
Guatemala,GTM,2005,5588.8356272
Guatemala,GTM,2006,5767.0219869
Guatemala,GTM,2007,6008.5113505
Guatemala,GTM,2008,6075.1916175
Guatemala,GTM,2009,6015.0694168
Guatemala,GTM,2010,6089.8007554
Guinea,GIN,2000,799.24934562
Guinea,GIN,2001,827.06567319
Guinea,GIN,2002,854.66649221
Guinea,GIN,2003,840.40273161
Guinea,GIN,2004,834.9916926
Guinea,GIN,2005,837.12324913
Guinea,GIN,2006,827.00008399
Guinea,GIN,2007,820.99535834
Guinea,GIN,2008,804.58481362
Guinea,GIN,2009,766.62739418
Guinea,GIN,2010,786.35424584
Guinea-Bissau,GNB,2000,824.40059771
Guinea-Bissau,GNB,2001,766.82312046
Guinea-Bissau,GNB,2002,768.91224214
Guinea-Bissau,GNB,2003,759.20163504
Guinea-Bissau,GNB,2004,760.66741588
Guinea-Bissau,GNB,2005,774.51847376
Guinea-Bissau,GNB,2006,781.21046733
Guinea-Bissau,GNB,2007,803.09208526
Guinea-Bissau,GNB,2008,817.02427911
Guinea-Bissau,GNB,2009,864.63102865
Guinea-Bissau,GNB,2010,799.29144675
Guyana,GUY,2000,3163.709549
Guyana,GUY,2001,3362.3900313
Guyana,GUY,2002,3317.4058362
Guyana,GUY,2003,3314.6146502
Guyana,GUY,2004,3403.5191772
Guyana,GUY,2005,3727.134093
Guyana,GUY,2006,3676.5359456
Guyana,GUY,2007,4011.9617449
Guyana,GUY,2008,4113.4944065
Guyana,GUY,2009,4328.8895703
Guyana,GUY,2010,4481.2709489
Haiti,HTI,2000,1387.8633292
Haiti,HTI,2001,1345.706365
Haiti,HTI,2002,1313.5099844
Haiti,HTI,2003,1305.4519974
Haiti,HTI,2004,1244.5689294
Haiti,HTI,2005,1269.0473413
Haiti,HTI,2006,1274.0848891
Haiti,HTI,2007,1273.6987231
Haiti,HTI,2008,1296.0924403
Haiti,HTI,2009,1340.5096792
Haiti,HTI,2010,1411.0409648
Honduras,HND,2000,2992.7164721
Honduras,HND,2001,2997.4705702
Honduras,HND,2002,3016.8633328
Honduras,HND,2003,3068.0333407
Honduras,HND,2004,3175.8187114
Honduras,HND,2005,3298.8964461
Honduras,HND,2006,3439.779675
Honduras,HND,2007,3611.1958933
Honduras,HND,2008,3696.9742635
Honduras,HND,2009,3551.6915969
Honduras,HND,2010,3578.2902992
Hong Kong,HKG,2000,28012.222273
Hong Kong,HKG,2001,27839.400975
Hong Kong,HKG,2002,28046.239091
Hong Kong,HKG,2003,28583.657194
Hong Kong,HKG,2004,30627.296711
Hong Kong,HKG,2005,32527.147577
Hong Kong,HKG,2006,34704.889157
Hong Kong,HKG,2007,36768.125657
Hong Kong,HKG,2008,37320.20775
Hong Kong,HKG,2009,36078.646005
Hong Kong,HKG,2010,38688.131221
Hungary,HUN,2000,13248.770078
Hungary,HUN,2001,13732.225311
Hungary,HUN,2002,14463.947017
Hungary,HUN,2003,15126.979024
Hungary,HUN,2004,15824.076958
Hungary,HUN,2005,16475.819963
Hungary,HUN,2006,17134.967514
Hungary,HUN,2007,17206.544002
Hungary,HUN,2008,17384.833047
Hungary,HUN,2009,16310.736229
Hungary,HUN,2010,16556.195959
Iceland,ISL,2000,37676.347088
Iceland,ISL,2001,38118.508434
Iceland,ISL,2002,37605.343815
Iceland,ISL,2003,37389.768627
Iceland,ISL,2004,37180.655548
Iceland,ISL,2005,40447.928319
Iceland,ISL,2006,43014.140251
Iceland,ISL,2007,43986.837086
Iceland,ISL,2008,43215.8316
Iceland,ISL,2009,37606.495756
Iceland,ISL,2010,35648.495258
India,IND,2000,1921.4501771
India,IND,2001,1983.7916264
India,IND,2002,2044.810654
India,IND,2003,2144.3538354
India,IND,2004,2317.3117837
India,IND,2005,2491.5268476
India,IND,2006,2675.3868386
India,IND,2007,2920.9273479
India,IND,2008,2949.0471312
India,IND,2009,3210.6498022
India,IND,2010,3476.7773277
Indonesia,IDN,2000,2749.6141344
Indonesia,IDN,2001,2813.9124446
Indonesia,IDN,2002,2874.1109944
Indonesia,IDN,2003,3028.4492241
Indonesia,IDN,2004,3078.7241781
Indonesia,IDN,2005,3224.1153596
Indonesia,IDN,2006,3310.291083
Indonesia,IDN,2007,3409.1894148
Indonesia,IDN,2008,3616.3215754
Indonesia,IDN,2009,3813.9587909
Indonesia,IDN,2010,3965.7984207
Iran,IRN,2000,7341.1250718
Iran,IRN,2001,7306.3301359
Iran,IRN,2002,7609.834264
Iran,IRN,2003,8113.0436725
Iran,IRN,2004,8329.8538042
Iran,IRN,2005,8720.9642247
Iran,IRN,2006,9163.9734424
Iran,IRN,2007,9643.5713147
Iran,IRN,2008,9487.4255945
Iran,IRN,2009,9418.6524949
Iran,IRN,2010,9429.3744158
Iraq,IRQ,2000,4119.7981657
Iraq,IRQ,2001,4109.4732708
Iraq,IRQ,2002,3698.6922654
Iraq,IRQ,2003,2372.4697709
Iraq,IRQ,2004,3607.7964988
Iraq,IRQ,2005,3656.3836488
Iraq,IRQ,2006,3907.6187944
Iraq,IRQ,2007,3854.3139586
Iraq,IRQ,2008,4014.7376715
Iraq,IRQ,2009,4349.8104319
Iraq,IRQ,2010,4532.0460864
Ireland,IRL,2000,34185.541184
Ireland,IRL,2001,35351.914059
Ireland,IRL,2002,36875.079992
Ireland,IRL,2003,38247.590673
Ireland,IRL,2004,38985.034564
Ireland,IRL,2005,40247.222351
Ireland,IRL,2006,41158.909939
Ireland,IRL,2007,42236.869407
Ireland,IRL,2008,40016.10838
Ireland,IRL,2009,35725.70125
Ireland,IRL,2010,34902.26239
Israel,ISR,2000,23234.109913
Israel,ISR,2001,22595.456694
Israel,ISR,2002,21889.115805
Israel,ISR,2003,21816.768656
Israel,ISR,2004,22468.797213
Israel,ISR,2005,23227.203774
Israel,ISR,2006,24113.139317
Israel,ISR,2007,25072.131068
Israel,ISR,2008,25642.309949
Israel,ISR,2009,25241.072609
Israel,ISR,2010,26037.841482
Italy,ITA,2000,28675.744621
Italy,ITA,2001,29146.029974
Italy,ITA,2002,29244.069855
Italy,ITA,2003,29141.871233
Italy,ITA,2004,29473.412382
Italy,ITA,2005,29561.741191
Italy,ITA,2006,30173.95338
Italy,ITA,2007,30510.603019
Italy,ITA,2008,29901.461061
Italy,ITA,2009,28007.831419
Italy,ITA,2010,28380.923754
Jamaica,JAM,2000,8747.4532233
Jamaica,JAM,2001,8819.5740224
Jamaica,JAM,2002,8850.6655788
Jamaica,JAM,2003,8943.2228112
Jamaica,JAM,2004,8910.3244116
Jamaica,JAM,2005,8992.7783329
Jamaica,JAM,2006,9135.4664215
Jamaica,JAM,2007,9158.2185661
Jamaica,JAM,2008,9038.4200089
Jamaica,JAM,2009,8718.9905834
Jamaica,JAM,2010,8542.3850426
Japan,JPN,2000,29777.696735
Japan,JPN,2001,29716.957885
Japan,JPN,2002,29634.356666
Japan,JPN,2003,29989.868567
Japan,JPN,2004,30785.111339
Japan,JPN,2005,31379.767689
Japan,JPN,2006,32028.035915
Japan,JPN,2007,32775.849424
Japan,JPN,2008,32384.250995
Japan,JPN,2009,30094.166324
Japan,JPN,2010,31453.080503
Jordan,JOR,2000,3374.5600046
Jordan,JOR,2001,3476.0250051
Jordan,JOR,2002,3652.7837484
Jordan,JOR,2003,3714.7293676
Jordan,JOR,2004,3946.6289159
Jordan,JOR,2005,4248.7519415
Jordan,JOR,2006,4210.8077042
Jordan,JOR,2007,4242.515746
Jordan,JOR,2008,4467.6360237
Jordan,JOR,2009,4349.5511751
Jordan,JOR,2010,4469.0709038
Kazakhstan,KAZ,2000,4914.4923222
Kazakhstan,KAZ,2001,5565.995135
Kazakhstan,KAZ,2002,6147.9839963
Kazakhstan,KAZ,2003,7216.8197429
Kazakhstan,KAZ,2004,8050.0491551
Kazakhstan,KAZ,2005,8791.0885141
Kazakhstan,KAZ,2006,9966.2754409
Kazakhstan,KAZ,2007,10682.594299
Kazakhstan,KAZ,2008,11192.971301
Kazakhstan,KAZ,2009,11501.419825
Kazakhstan,KAZ,2010,12304.921952
Kenya,KEN,2000,1112.4554272
Kenya,KEN,2001,1093.8192961
Kenya,KEN,2002,1104.0326028
Kenya,KEN,2003,1132.1862107
Kenya,KEN,2004,1126.3522014
Kenya,KEN,2005,1143.7311654
Kenya,KEN,2006,1160.6952303
Kenya,KEN,2007,1203.75258
Kenya,KEN,2008,1168.7779101
Kenya,KEN,2009,1160.9371027
Kenya,KEN,2010,1246.2956444
Kiribati,KIR,2000,3706.3504592
Kiribati,KIR,2001,3504.0220873
Kiribati,KIR,2002,3689.8746238
Kiribati,KIR,2003,3792.6168889
Kiribati,KIR,2004,3711.0878918
Kiribati,KIR,2005,3829.6752476
Kiribati,KIR,2006,3881.2597096
Kiribati,KIR,2007,3793.1932828
Kiribati,KIR,2008,3864.6019616
Kiribati,KIR,2009,3720.8970635
Kiribati,KIR,2010,3664.6666677
Korea,KOR,2000,18723.832623
Korea,KOR,2001,19271.74907
Korea,KOR,2002,20558.965589
Korea,KOR,2003,21007.60393
Korea,KOR,2004,21806.939765
Korea,KOR,2005,22577.33468
Korea,KOR,2006,23653.961433
Korea,KOR,2007,24788.471801
Korea,KOR,2008,25279.241513
Korea,KOR,2009,24873.913036
Korea,KOR,2010,26613.769748
Kuwait,KWT,2000,37245.360688
Kuwait,KWT,2001,36681.293178
Kuwait,KWT,2002,36073.390145
Kuwait,KWT,2003,42443.662681
Kuwait,KWT,2004,45588.874238
Kuwait,KWT,2005,48940.23044
Kuwait,KWT,2006,51230.064585
Kuwait,KWT,2007,51449.47128
Kuwait,KWT,2008,52501.496105
Kuwait,KWT,2009,44339.467795
Kuwait,KWT,2010,41244.182496
Kyrgyzstan,KGZ,2000,1634.3677723
Kyrgyzstan,KGZ,2001,1706.5100786
Kyrgyzstan,KGZ,2002,1694.4021767
Kyrgyzstan,KGZ,2003,1834.6289736
Kyrgyzstan,KGZ,2004,1920.1495674
Kyrgyzstan,KGZ,2005,1889.6658932
Kyrgyzstan,KGZ,2006,1893.0894348
Kyrgyzstan,KGZ,2007,1988.8909448
Kyrgyzstan,KGZ,2008,2127.1843855
Kyrgyzstan,KGZ,2009,2096.0409644
Kyrgyzstan,KGZ,2010,2081.1447667
Laos,LAO,2000,1370.056365
Laos,LAO,2001,1406.1739417
Laos,LAO,2002,1465.0216232
Laos,LAO,2003,1525.5826561
Laos,LAO,2004,1604.6265526
Laos,LAO,2005,1727.0644733
Laos,LAO,2006,1872.5918648
Laos,LAO,2007,2167.5144374
Laos,LAO,2008,2307.8769433
Laos,LAO,2009,2492.00398
Laos,LAO,2010,2620.0617059
Latvia,LVA,2000,7996.2516766
Latvia,LVA,2001,8585.0234582
Latvia,LVA,2002,9281.7322154
Latvia,LVA,2003,9945.0878587
Latvia,LVA,2004,10802.010376
Latvia,LVA,2005,12030.626924
Latvia,LVA,2006,13474.079353
Latvia,LVA,2007,14857.085233
Latvia,LVA,2008,14658.193712
Latvia,LVA,2009,12399.492868
Latvia,LVA,2010,12425.17102
Lebanon,LBN,2000,8278.0750213
Lebanon,LBN,2001,8666.5912548
Lebanon,LBN,2002,8748.758048
Lebanon,LBN,2003,9014.4801174
Lebanon,LBN,2004,9765.6404707
Lebanon,LBN,2005,9778.5059436
Lebanon,LBN,2006,10012.863492
Lebanon,LBN,2007,10627.381903
Lebanon,LBN,2008,11333.828801
Lebanon,LBN,2009,12106.835084
Lebanon,LBN,2010,12701.539349
Lesotho,LSO,2000,1078.8318191
Lesotho,LSO,2001,1052.6341564
Lesotho,LSO,2002,1155.2855035
Lesotho,LSO,2003,1191.0901401
Lesotho,LSO,2004,1216.1560832
Lesotho,LSO,2005,1180.6104782
Lesotho,LSO,2006,1253.4552513
Lesotho,LSO,2007,1336.9431548
Lesotho,LSO,2008,1382.9853333
Lesotho,LSO,2009,1368.4230681
Lesotho,LSO,2010,1393.4708898
Liberia,LBR,2000,537.73001164
Liberia,LBR,2001,542.01917639
Liberia,LBR,2002,548.84180741
Liberia,LBR,2003,380.47475882
Liberia,LBR,2004,380.49429659
Liberia,LBR,2005,378.10413416
Liberia,LBR,2006,396.27308281
Liberia,LBR,2007,451.12473006
Liberia,LBR,2008,442.20111251
Liberia,LBR,2009,442.23262399
Liberia,LBR,2010,459.24799896
Libya,LBY,2000,17073.038957
Libya,LBY,2001,15132.566019
Libya,LBY,2002,15110.852311
Libya,LBY,2003,16762.617547
Libya,LBY,2004,17556.222604
Libya,LBY,2005,17896.765355
Libya,LBY,2006,19166.798793
Libya,LBY,2007,19681.083481
Libya,LBY,2008,19588.553443
Libya,LBY,2009,19136.472141
Libya,LBY,2010,19490.819123
Lithuania,LTU,2000,8930.9698847
Lithuania,LTU,2001,9531.0327147
Lithuania,LTU,2002,10222.905287
Lithuania,LTU,2003,11275.010595
Lithuania,LTU,2004,12061.621448
Lithuania,LTU,2005,13068.064315
Lithuania,LTU,2006,14123.400556
Lithuania,LTU,2007,15408.704251
Lithuania,LTU,2008,15940.416588
Lithuania,LTU,2009,13801.622368
Lithuania,LTU,2010,14136.059126
Luxembourg,LUX,2000,65131.136185
Luxembourg,LUX,2001,66009.596713
Luxembourg,LUX,2002,67517.035898
Luxembourg,LUX,2003,67997.02342
Luxembourg,LUX,2004,70116.280449
Luxembourg,LUX,2005,73242.966978
Luxembourg,LUX,2006,75898.618227
Luxembourg,LUX,2007,80215.482369
Luxembourg,LUX,2008,79829.412797
Luxembourg,LUX,2009,74030.888161
Luxembourg,LUX,2010,75589.759562
Macao,MAC,2000,22480.8285
Macao,MAC,2001,22840.919107
Macao,MAC,2002,24632.183508
Macao,MAC,2003,28013.81499
Macao,MAC,2004,34867.88833
Macao,MAC,2005,36939.01942
Macao,MAC,2006,40492.839114
Macao,MAC,2007,44166.536322
Macao,MAC,2008,43763.70158
Macao,MAC,2009,43708.779154
Macao,MAC,2010,54785.259275
Macedonia,MKD,2000,6106.2166863
Macedonia,MKD,2001,5854.3772275
Macedonia,MKD,2002,5849.1716823
Macedonia,MKD,2003,6029.3694049
Macedonia,MKD,2004,6299.817091
Macedonia,MKD,2005,6573.2465765
Macedonia,MKD,2006,6881.8697301
Macedonia,MKD,2007,7258.4165333
Macedonia,MKD,2008,7646.1715415
Macedonia,MKD,2009,7543.094163
Macedonia,MKD,2010,7626.390178
Madagascar,MDG,2000,787.22205475
Madagascar,MDG,2001,801.86181803
Madagascar,MDG,2002,668.21266268
Madagascar,MDG,2003,680.0689127
Madagascar,MDG,2004,689.80274921
Madagascar,MDG,2005,717.50190687
Madagascar,MDG,2006,736.65552634
Madagascar,MDG,2007,748.21411378
Madagascar,MDG,2008,721.65452905
Madagascar,MDG,2009,699.66967099
Madagascar,MDG,2010,702.34963089
Malawi,MWI,2000,465.12119329
Malawi,MWI,2001,431.111061
Malawi,MWI,2002,439.5227645
Malawi,MWI,2003,450.33985261
Malawi,MWI,2004,472.06228691
Malawi,MWI,2005,481.41760024
Malawi,MWI,2006,506.54098641
Malawi,MWI,2007,550.52196436
Malawi,MWI,2008,588.60373378
Malawi,MWI,2009,618.01929904
Malawi,MWI,2010,654.90877526
Malaysia,MYS,2000,9474.3853857
Malaysia,MYS,2001,9162.632684
Malaysia,MYS,2002,9447.7885335
Malaysia,MYS,2003,9702.6069302
Malaysia,MYS,2004,10172.973331
Malaysia,MYS,2005,10482.199054
Malaysia,MYS,2006,10937.16811
Malaysia,MYS,2007,11434.730334
Malaysia,MYS,2008,11694.556084
Malaysia,MYS,2009,11153.635666
Malaysia,MYS,2010,11961.504522
Maldives,MDV,2000,3090.3879681
Maldives,MDV,2001,3133.8451254
Maldives,MDV,2002,3273.1093011
Maldives,MDV,2003,3900.8028216
Maldives,MDV,2004,4208.1152285
Maldives,MDV,2005,4133.1367698
Maldives,MDV,2006,4288.9566209
Maldives,MDV,2007,4586.0932395
Maldives,MDV,2008,4623.7634415
Maldives,MDV,2009,4349.9458931
Maldives,MDV,2010,4005.0488222
Mali,MLI,2000,731.35949218
Mali,MLI,2001,788.17189876
Mali,MLI,2002,794.15766466
Mali,MLI,2003,839.23877964
Mali,MLI,2004,845.07435139
Mali,MLI,2005,870.49069526
Mali,MLI,2006,897.82847842
Mali,MLI,2007,916.70451005
Mali,MLI,2008,959.57025921
Mali,MLI,2009,980.83700145
Mali,MLI,2010,997.69738872
Malta,MLT,2000,19951.691882
Malta,MLT,2001,19351.900727
Malta,MLT,2002,19663.311669
Malta,MLT,2003,19751.636827
Malta,MLT,2004,19617.886272
Malta,MLT,2005,20313.79968
Malta,MLT,2006,20719.616144
Malta,MLT,2007,21488.68738
Malta,MLT,2008,22197.203799
Malta,MLT,2009,21462.254002
Malta,MLT,2010,21851.198168
Marshall Islands,MHL,2000,6919.4318793
Marshall Islands,MHL,2001,7051.0941212
Marshall Islands,MHL,2002,7179.6033078
Marshall Islands,MHL,2003,7238.6604717
Marshall Islands,MHL,2004,7550.4850389
Marshall Islands,MHL,2005,7530.3070005
Marshall Islands,MHL,2006,7427.1971833
Marshall Islands,MHL,2007,7358.7053024
Marshall Islands,MHL,2008,7304.8654481
Marshall Islands,MHL,2009,7004.2544757
Marshall Islands,MHL,2010,6896.3761797
Mauritania,MRT,2000,1589.5146831
Mauritania,MRT,2001,1580.6486446
Mauritania,MRT,2002,1548.5327361
Mauritania,MRT,2003,1554.2688341
Mauritania,MRT,2004,1586.0445584
Mauritania,MRT,2005,1649.0175312
Mauritania,MRT,2006,2014.1361634
Mauritania,MRT,2007,1980.646051
Mauritania,MRT,2008,1946.9163334
Mauritania,MRT,2009,1876.5451156
Mauritania,MRT,2010,1939.3881856
Mauritius,MUS,2000,7579.8793228
Mauritius,MUS,2001,7557.2982261
Mauritius,MUS,2002,7743.0040632
Mauritius,MUS,2003,8188.469254
Mauritius,MUS,2004,8505.4343765
Mauritius,MUS,2005,8360.4728515
Mauritius,MUS,2006,8709.4087959
Mauritius,MUS,2007,9245.153314
Mauritius,MUS,2008,9684.551508
Mauritius,MUS,2009,9892.1100083
Mauritius,MUS,2010,10163.742033
Mexico,MEX,2000,11379.895047
Mexico,MEX,2001,11202.193807
Mexico,MEX,2002,11141.236152
Mexico,MEX,2003,11053.444773
Mexico,MEX,2004,11395.713541
Mexico,MEX,2005,11641.862055
Mexico,MEX,2006,12105.944932
Mexico,MEX,2007,12374.194303
Mexico,MEX,2008,12383.575971
Mexico,MEX,2009,11427.240278
Mexico,MEX,2010,11939.770303
Micronesia,FSM,2000,3495.6177025
Micronesia,FSM,2001,3558.5694768
Micronesia,FSM,2002,3558.7928495
Micronesia,FSM,2003,3625.8573002
Micronesia,FSM,2004,3522.1939156
Micronesia,FSM,2005,3587.5349975
Micronesia,FSM,2006,3593.0382702
Micronesia,FSM,2007,3517.0238555
Micronesia,FSM,2008,3445.769734
Micronesia,FSM,2009,3475.868716
Micronesia,FSM,2010,3591.8374367
Moldova,MDA,2000,1558.1341942
Moldova,MDA,2001,1624.1025158
Moldova,MDA,2002,1781.7121253
Moldova,MDA,2003,1925.8046409
Moldova,MDA,2004,2026.5204919
Moldova,MDA,2005,2194.05933
Moldova,MDA,2006,2303.6911608
Moldova,MDA,2007,2336.8565296
Moldova,MDA,2008,2516.3069119
Moldova,MDA,2009,2475.813268
Moldova,MDA,2010,2643.6350644
Mongolia,MNG,2000,2219.146756
Mongolia,MNG,2001,2213.3185492
Mongolia,MNG,2002,2272.1663592
Mongolia,MNG,2003,2356.8015607
Mongolia,MNG,2004,2536.7342527
Mongolia,MNG,2005,2651.1741471
Mongolia,MNG,2006,2881.0971373
Mongolia,MNG,2007,3155.8778338
Mongolia,MNG,2008,3419.8884
Mongolia,MNG,2009,3285.6376917
Mongolia,MNG,2010,3522.5642376
Montenegro,MNE,2000,4766.1663672
Montenegro,MNE,2001,4801.5672541
Montenegro,MNE,2002,5012.1879225
Montenegro,MNE,2003,5211.2170906
Montenegro,MNE,2004,5470.2501085
Montenegro,MNE,2005,5735.8770193
Montenegro,MNE,2006,6188.6335922
Montenegro,MNE,2007,6818.5114207
Montenegro,MNE,2008,7273.230709
Montenegro,MNE,2009,7038.9900691
Montenegro,MNE,2010,7314.9052976
Morocco,MAR,2000,2447.7638207
Morocco,MAR,2001,2616.7413456
Morocco,MAR,2002,2675.9751919
Morocco,MAR,2003,2868.2154074
Morocco,MAR,2004,2984.7433355
Morocco,MAR,2005,2998.4590928
Morocco,MAR,2006,3204.7300012
Morocco,MAR,2007,3279.1580873
Morocco,MAR,2008,3451.9621784
Morocco,MAR,2009,3533.5566666
Morocco,MAR,2010,3621.1365196
Mozambique,MOZ,2000,436.81593638
Mozambique,MOZ,2001,487.58566737
Mozambique,MOZ,2002,531.8182852
Mozambique,MOZ,2003,558.93074886
Mozambique,MOZ,2004,594.56659101
Mozambique,MOZ,2005,628.46715667
Mozambique,MOZ,2006,668.34834785
Mozambique,MOZ,2007,703.62340654
Mozambique,MOZ,2008,727.04151292
Mozambique,MOZ,2009,754.76244175
Mozambique,MOZ,2010,781.18187686
Namibia,NAM,2000,3638.5238448
Namibia,NAM,2001,3835.9403775
Namibia,NAM,2002,3746.7070674
Namibia,NAM,2003,3872.1429679
Namibia,NAM,2004,4267.0019234
Namibia,NAM,2005,4244.8872506
Namibia,NAM,2006,4752.1892557
Namibia,NAM,2007,4634.0999406
Namibia,NAM,2008,4939.2535153
Namibia,NAM,2009,4668.806707
Namibia,NAM,2010,4807.1161897
Nepal,NPL,2000,831.92903349
Nepal,NPL,2001,918.26011156
Nepal,NPL,2002,907.91387146
Nepal,NPL,2003,931.32629539
Nepal,NPL,2004,961.36239534
Nepal,NPL,2005,980.97315485
Nepal,NPL,2006,999.76435156
Nepal,NPL,2007,1022.6580923
Nepal,NPL,2008,1073.5525718
Nepal,NPL,2009,1109.3871963
Nepal,NPL,2010,1144.8682957
Netherlands,NLD,2000,35182.490383
Netherlands,NLD,2001,35615.890276
Netherlands,NLD,2002,35366.061614
Netherlands,NLD,2003,35251.882828
Netherlands,NLD,2004,35841.021715
Netherlands,NLD,2005,36402.481864
Netherlands,NLD,2006,37469.71679
Netherlands,NLD,2007,38770.522461
Netherlands,NLD,2008,39295.865126
Netherlands,NLD,2009,37643.684258
Netherlands,NLD,2010,38189.654039
New Zealand,NZL,2000,23917.524197
New Zealand,NZL,2001,24510.270672
New Zealand,NZL,2002,25322.209853
New Zealand,NZL,2003,25974.924449
New Zealand,NZL,2004,26589.240639
New Zealand,NZL,2005,27253.938199
New Zealand,NZL,2006,27617.314843
New Zealand,NZL,2007,28051.316171
New Zealand,NZL,2008,27608.27015
New Zealand,NZL,2009,27508.666178
New Zealand,NZL,2010,27788.349082
Nicaragua,NIC,2000,2064.9035527
Nicaragua,NIC,2001,2069.7928397
Nicaragua,NIC,2002,2044.3578406
Nicaragua,NIC,2003,2058.4047726
Nicaragua,NIC,2004,2127.7512047
Nicaragua,NIC,2005,2189.4243068
Nicaragua,NIC,2006,2236.2100147
Nicaragua,NIC,2007,2255.4845132
Nicaragua,NIC,2008,2284.0393013
Nicaragua,NIC,2009,2221.7508603
Nicaragua,NIC,2010,2289.2883287
Niger,NER,2000,491.73397627
Niger,NER,2001,507.41706009
Niger,NER,2002,513.29308092
Niger,NER,2003,513.3715867
Niger,NER,2004,491.95340387
Niger,NER,2005,502.50725811
Niger,NER,2006,511.44204629
Niger,NER,2007,509.06770933
Niger,NER,2008,534.2369708
Niger,NER,2009,511.3950161
Niger,NER,2010,522.06030211
Nigeria,NGA,2000,1107.2646414
Nigeria,NGA,2001,1220.5248086
Nigeria,NGA,2002,1253.3610505
Nigeria,NGA,2003,1423.9370661
Nigeria,NGA,2004,1578.7496616
Nigeria,NGA,2005,1510.7465295
Nigeria,NGA,2006,1649.3397588
Nigeria,NGA,2007,1912.8870155
Nigeria,NGA,2008,1929.3818644
Nigeria,NGA,2009,1683.6721746
Nigeria,NGA,2010,1692.7809561
Norway,NOR,2000,45304.83066
Norway,NOR,2001,45812.252894
Norway,NOR,2002,46179.073627
Norway,NOR,2003,46298.52542
Norway,NOR,2004,48101.052458
Norway,NOR,2005,49293.479708
Norway,NOR,2006,50508.970762
Norway,NOR,2007,51791.632343
Norway,NOR,2008,51570.084669
Norway,NOR,2009,50354.557476
Norway,NOR,2010,50490.912172
Oman,OMN,2000,17017.909539
Oman,OMN,2001,17709.484017
Oman,OMN,2002,17585.236177
Oman,OMN,2003,17523.0826
Oman,OMN,2004,18213.291356
Oman,OMN,2005,17927.261692
Oman,OMN,2006,18771.44933
Oman,OMN,2007,20084.514074
Oman,OMN,2008,22514.635899
Oman,OMN,2009,21429.060694
Oman,OMN,2010,22381.878204
Pakistan,PAK,2000,1780.8225784
Pakistan,PAK,2001,1756.8816752
Pakistan,PAK,2002,1776.0007944
Pakistan,PAK,2003,1815.0139766
Pakistan,PAK,2004,1924.4507902
Pakistan,PAK,2005,2025.7530274
Pakistan,PAK,2006,2118.1234865
Pakistan,PAK,2007,2190.4552473
Pakistan,PAK,2008,2208.9403552
Pakistan,PAK,2009,2245.8303458
Pakistan,PAK,2010,2297.1848378
Palau,PLW,2000,13310.898998
Palau,PLW,2001,14026.263895
Palau,PLW,2002,13954.076081
Palau,PLW,2003,13298.269769
Palau,PLW,2004,14007.453165
Palau,PLW,2005,14108.710389
Palau,PLW,2006,14888.681154
Palau,PLW,2007,15048.053232
Palau,PLW,2008,14770.245822
Palau,PLW,2009,15128.326188
Palau,PLW,2010,15402.271029
Panama,PAN,2000,6949.92363
Panama,PAN,2001,6844.7039124
Panama,PAN,2002,6854.3605947
Panama,PAN,2003,6954.0616976
Panama,PAN,2004,7389.841538
Panama,PAN,2005,7785.974577
Panama,PAN,2006,8333.1535591
Panama,PAN,2007,9302.4770872
Panama,PAN,2008,10188.043351
Panama,PAN,2009,10310.988212
Panama,PAN,2010,10849.33174
Papua New Guinea,PNG,2000,2218.4800232
Papua New Guinea,PNG,2001,2172.1874593
Papua New Guinea,PNG,2002,2191.2403624
Papua New Guinea,PNG,2003,2185.1645798
Papua New Guinea,PNG,2004,2196.1880419
Papua New Guinea,PNG,2005,2234.3760831
Papua New Guinea,PNG,2006,2257.2835867
Papua New Guinea,PNG,2007,2424.1786517
Papua New Guinea,PNG,2008,2526.5679321
Papua New Guinea,PNG,2009,2581.3347933
Papua New Guinea,PNG,2010,2783.8762484
Paraguay,PRY,2000,3287.3115866
Paraguay,PRY,2001,3306.2836945
Paraguay,PRY,2002,3266.7805937
Paraguay,PRY,2003,3341.84159
Paraguay,PRY,2004,3422.9733208
Paraguay,PRY,2005,3435.3512207
Paraguay,PRY,2006,3498.9622169
Paraguay,PRY,2007,3658.3829794
Paraguay,PRY,2008,3768.3584714
Paraguay,PRY,2009,3614.5636493
Paraguay,PRY,2010,4068.7545767
Peru,PER,2000,4779.2892502
Peru,PER,2001,4731.6694688
Peru,PER,2002,4914.8394668
Peru,PER,2003,5053.52661
Peru,PER,2004,5256.1056706
Peru,PER,2005,5561.4459084
Peru,PER,2006,5917.1078327
Peru,PER,2007,6374.043041
Peru,PER,2008,6932.466031
Peru,PER,2009,6888.9952514
Peru,PER,2010,7410.9746828
Philippines,PHL,2000,2464.2949148
Philippines,PHL,2001,2489.7876819
Philippines,PHL,2002,2532.1382612
Philippines,PHL,2003,2602.742913
Philippines,PHL,2004,2715.0395891
Philippines,PHL,2005,2787.8475831
Philippines,PHL,2006,2864.198219
Philippines,PHL,2007,2987.5984598
Philippines,PHL,2008,3057.8305763
Philippines,PHL,2009,3032.382066
Philippines,PHL,2010,3193.6319673
Poland,POL,2000,11271.104379
Poland,POL,2001,11467.596262
Poland,POL,2002,11664.816215
Poland,POL,2003,12134.24546
Poland,POL,2004,12789.020594
Poland,POL,2005,13249.966776
Poland,POL,2006,14064.449949
Poland,POL,2007,14997.436656
Poland,POL,2008,15775.976395
Poland,POL,2009,16085.509252
Poland,POL,2010,16700.898609
Portugal,PRT,2000,19822.191116
Portugal,PRT,2001,20095.258582
Portugal,PRT,2002,20060.019903
Portugal,PRT,2003,19695.807015
Portugal,PRT,2004,19925.360581
Portugal,PRT,2005,19949.488902
Portugal,PRT,2006,20150.301726
Portugal,PRT,2007,20550.728451
Portugal,PRT,2008,20468.521656
Portugal,PRT,2009,19574.192447
Portugal,PRT,2010,19785.703466
Puerto Rico,PRI,2000,25283.762043
Puerto Rico,PRI,2001,24972.771226
Puerto Rico,PRI,2002,25539.237386
Puerto Rico,PRI,2003,26252.095683
Puerto Rico,PRI,2004,26139.942943
Puerto Rico,PRI,2005,26053.657666
Puerto Rico,PRI,2006,25383.338655
Puerto Rico,PRI,2007,24590.779578
Puerto Rico,PRI,2008,23975.166328
Puerto Rico,PRI,2009,23270.501653
Puerto Rico,PRI,2010,22824.04593
Qatar,QAT,2000,62547.484929
Qatar,QAT,2001,60151.340896
Qatar,QAT,2002,60612.436221
Qatar,QAT,2003,58578.735804
Qatar,QAT,2004,69179.400961
Qatar,QAT,2005,71158.080342
Qatar,QAT,2006,81515.413392
Qatar,QAT,2007,100110.97284
Qatar,QAT,2008,109972.62505
Qatar,QAT,2009,118835.47855
Qatar,QAT,2010,136311.00839
Romania,ROM,2000,5831.5436642
Romania,ROM,2001,6228.5338552
Romania,ROM,2002,6575.159517
Romania,ROM,2003,6984.1793399
Romania,ROM,2004,7727.1619865
Romania,ROM,2005,8137.1301294
Romania,ROM,2006,8863.7134063
Romania,ROM,2007,9425.4646686
Romania,ROM,2008,10168.915329
Romania,ROM,2009,9620.320806
Romania,ROM,2010,9376.1880168
Russia,RUS,2000,8525.8292692
Russia,RUS,2001,9070.7901915
Russia,RUS,2002,9621.0226793
Russia,RUS,2003,10418.269585
Russia,RUS,2004,11353.544855
Russia,RUS,2005,12214.861247
Russia,RUS,2006,13228.917102
Russia,RUS,2007,14374.004904
Russia,RUS,2008,15140.590281
Russia,RUS,2009,14544.108484
Russia,RUS,2010,15062.24322
Rwanda,RWA,2000,632.51370299
Rwanda,RWA,2001,663.1888354
Rwanda,RWA,2002,732.1440839
Rwanda,RWA,2003,734.82198489
Rwanda,RWA,2004,765.95010338
Rwanda,RWA,2005,813.89279283
Rwanda,RWA,2006,862.26392118
Rwanda,RWA,2007,887.69681332
Rwanda,RWA,2008,944.85412564
Rwanda,RWA,2009,981.24753921
Rwanda,RWA,2010,1025.1384326
Samoa,WSM,2000,5338.0451297
Samoa,WSM,2001,5699.2080165
Samoa,WSM,2002,5815.0913348
Samoa,WSM,2003,6078.7953885
Samoa,WSM,2004,6277.9328516
Samoa,WSM,2005,6540.891276
Samoa,WSM,2006,6504.4078107
Samoa,WSM,2007,6872.6946771
Samoa,WSM,2008,6571.0542105
Samoa,WSM,2009,6404.4042657
Samoa,WSM,2010,6442.4581156
Sao Tome and Principe,STP,2000,1388.6939648
Sao Tome and Principe,STP,2001,1210.7109341
Sao Tome and Principe,STP,2002,1207.9731017
Sao Tome and Principe,STP,2003,1259.5837017
Sao Tome and Principe,STP,2004,1290.9024341
Sao Tome and Principe,STP,2005,1297.600234
Sao Tome and Principe,STP,2006,1439.6429072
Sao Tome and Principe,STP,2007,1432.6009457
Sao Tome and Principe,STP,2008,1539.3570929
Sao Tome and Principe,STP,2009,1584.3355094
Sao Tome and Principe,STP,2010,1615.1356261
Saudi Arabia,SAU,2000,17031.652767
Saudi Arabia,SAU,2001,16585.7333
Saudi Arabia,SAU,2002,16090.102851
Saudi Arabia,SAU,2003,17588.596617
Saudi Arabia,SAU,2004,18365.664329
Saudi Arabia,SAU,2005,19552.509122
Saudi Arabia,SAU,2006,19926.395324
Saudi Arabia,SAU,2007,20361.69566
Saudi Arabia,SAU,2008,20658.052337
Saudi Arabia,SAU,2009,19821.4166
Saudi Arabia,SAU,2010,20188.289874
Senegal,SEN,2000,1282.4728933
Senegal,SEN,2001,1309.7249863
Senegal,SEN,2002,1276.1393043
Senegal,SEN,2003,1330.5991785
Senegal,SEN,2004,1373.1567647
Senegal,SEN,2005,1415.5001686
Senegal,SEN,2006,1409.6297763
Senegal,SEN,2007,1442.4437805
Senegal,SEN,2008,1452.2299447
Senegal,SEN,2009,1443.3596412
Senegal,SEN,2010,1468.9050975
Serbia,SRB,2000,5522.3498556
Serbia,SRB,2001,5871.2589436
Serbia,SRB,2002,6098.671038
Serbia,SRB,2003,6247.093365
Serbia,SRB,2004,6768.1237988
Serbia,SRB,2005,7177.2389377
Serbia,SRB,2006,7576.2835706
Serbia,SRB,2007,8114.7929764
Serbia,SRB,2008,8603.3097269
Serbia,SRB,2009,8398.0606948
Serbia,SRB,2010,8594.6972363
Seychelles,SYC,2000,25953.009565
Seychelles,SYC,2001,26814.090452
Seychelles,SYC,2002,24722.058455
Seychelles,SYC,2003,21780.664412
Seychelles,SYC,2004,21572.758174
Seychelles,SYC,2005,22861.277785
Seychelles,SYC,2006,24083.843996
Seychelles,SYC,2007,25840.715242
Seychelles,SYC,2008,26165.335232
Seychelles,SYC,2009,27414.217234
Seychelles,SYC,2010,32300.079719
Sierra Leone,SLE,2000,476.90881938
Sierra Leone,SLE,2001,530.96759092
Sierra Leone,SLE,2002,635.71037208
Sierra Leone,SLE,2003,640.85568843
Sierra Leone,SLE,2004,683.97133271
Sierra Leone,SLE,2005,727.0988185
Sierra Leone,SLE,2006,776.53974549
Sierra Leone,SLE,2007,808.01924366
Sierra Leone,SLE,2008,829.84399425
Sierra Leone,SLE,2009,847.95866727
Sierra Leone,SLE,2010,932.09598109
Singapore,SGP,2000,37052.953326
Singapore,SGP,2001,35425.894064
Singapore,SGP,2002,36258.547443
Singapore,SGP,2003,36223.000832
Singapore,SGP,2004,39878.956541
Singapore,SGP,2005,41988.616719
Singapore,SGP,2006,45148.822129
Singapore,SGP,2007,49532.697111
Singapore,SGP,2008,50418.359011
Singapore,SGP,2009,48685.477838
Singapore,SGP,2010,55838.628469
Slovak Republic,SVK,2000,12283.133983
Slovak Republic,SVK,2001,12708.255643
Slovak Republic,SVK,2002,13295.034923
Slovak Republic,SVK,2003,13889.420752
Slovak Republic,SVK,2004,14486.580085
Slovak Republic,SVK,2005,15375.883358
Slovak Republic,SVK,2006,16623.885411
Slovak Republic,SVK,2007,18342.15654
Slovak Republic,SVK,2008,19395.617748
Slovak Republic,SVK,2009,18530.966966
Slovak Republic,SVK,2010,19288.38012
Slovenia,SVN,2000,19182.237295
Slovenia,SVN,2001,19683.904498
Slovenia,SVN,2002,20431.986415
Slovenia,SVN,2003,21097.427518
Slovenia,SVN,2004,22059.053584
Slovenia,SVN,2005,22908.741956
Slovenia,SVN,2006,24328.051606
Slovenia,SVN,2007,26195.33025
Slovenia,SVN,2008,27128.934013
Slovenia,SVN,2009,24544.446427
Slovenia,SVN,2010,24901.649826
Solomon Islands,SLB,2000,1400.8869109
Solomon Islands,SLB,2001,1217.194627
Solomon Islands,SLB,2002,1197.9753008
Solomon Islands,SLB,2003,1238.4333077
Solomon Islands,SLB,2004,1300.9054738
Solomon Islands,SLB,2005,1586.0866761
Solomon Islands,SLB,2006,1560.5458992
Solomon Islands,SLB,2007,1589.7954651
Solomon Islands,SLB,2008,1826.4267461
Solomon Islands,SLB,2009,1700.4368515
Solomon Islands,SLB,2010,1976.0454351
Somalia,SOM,2000,454.39985609
Somalia,SOM,2001,452.47227666
Somalia,SOM,2002,453.18404796
Somalia,SOM,2003,453.72484961
Somalia,SOM,2004,452.27477328
Somalia,SOM,2005,451.77807509
Somalia,SOM,2006,452.15420896
Somalia,SOM,2007,452.09543343
Somalia,SOM,2008,453.11632034
Somalia,SOM,2009,457.35563139
Somalia,SOM,2010,461.77031838
South Africa,ZAF,2000,5873.6247507
South Africa,ZAF,2001,5995.7391543
South Africa,ZAF,2002,6141.2639158
South Africa,ZAF,2003,6244.0352109
South Africa,ZAF,2004,6503.4552876
South Africa,ZAF,2005,6766.7945328
South Africa,ZAF,2006,7092.0370735
South Africa,ZAF,2007,7442.4425263
South Africa,ZAF,2008,7600.0223364
South Africa,ZAF,2009,7302.6146824
South Africa,ZAF,2010,7508.7780646
Spain,ESP,2000,26045.013116
Spain,ESP,2001,26713.790695
Spain,ESP,2002,27032.676544
Spain,ESP,2003,27424.440828
Spain,ESP,2004,27848.809695
Spain,ESP,2005,28325.37741
Spain,ESP,2006,28932.765964
Spain,ESP,2007,29391.242128
Spain,ESP,2008,29145.141707
Spain,ESP,2009,27664.418339
Spain,ESP,2010,27332.007817
Sri Lanka,LKA,2000,2732.9599593
Sri Lanka,LKA,2001,2683.7285639
Sri Lanka,LKA,2002,2768.8615019
Sri Lanka,LKA,2003,2902.7838206
Sri Lanka,LKA,2004,3024.0876132
Sri Lanka,LKA,2005,3176.3530135
Sri Lanka,LKA,2006,3380.9381128
Sri Lanka,LKA,2007,3570.9601974
Sri Lanka,LKA,2008,3757.1479309
Sri Lanka,LKA,2009,3858.8249363
Sri Lanka,LKA,2010,4065.5576104
St. Kitts & Nevis,KNA,2000,8124.0488122
St. Kitts & Nevis,KNA,2001,8594.6104673
St. Kitts & Nevis,KNA,2002,8524.9559559
St. Kitts & Nevis,KNA,2003,9140.6689071
St. Kitts & Nevis,KNA,2004,10108.648335
St. Kitts & Nevis,KNA,2005,10494.756983
St. Kitts & Nevis,KNA,2006,10642.406337
St. Kitts & Nevis,KNA,2007,10822.331298
St. Kitts & Nevis,KNA,2008,10989.889589
St. Kitts & Nevis,KNA,2009,9938.0488713
St. Kitts & Nevis,KNA,2010,9637.3781267
St. Lucia,LCA,2000,10817.044162
St. Lucia,LCA,2001,10097.99547
St. Lucia,LCA,2002,10126.517325
St. Lucia,LCA,2003,10376.346129
St. Lucia,LCA,2004,10905.709
St. Lucia,LCA,2005,11735.875008
St. Lucia,LCA,2006,12526.530525
St. Lucia,LCA,2007,12633.386009
St. Lucia,LCA,2008,12354.422035
St. Lucia,LCA,2009,12214.658158
St. Lucia,LCA,2010,12364.775929
St.Vincent & Grenadines,VCT,2000,5339.956412
St.Vincent & Grenadines,VCT,2001,5381.1734542
St.Vincent & Grenadines,VCT,2002,5604.1988242
St.Vincent & Grenadines,VCT,2003,5803.3506954
St.Vincent & Grenadines,VCT,2004,6168.9553343
St.Vincent & Grenadines,VCT,2005,6318.1511169
St.Vincent & Grenadines,VCT,2006,6945.6278175
St.Vincent & Grenadines,VCT,2007,7171.4870357
St.Vincent & Grenadines,VCT,2008,7333.9558867
St.Vincent & Grenadines,VCT,2009,7193.2723022
St.Vincent & Grenadines,VCT,2010,6973.3608321
Sudan,SDN,2000,1464.3069968
Sudan,SDN,2001,1498.316611
Sudan,SDN,2002,1519.1295426
Sudan,SDN,2003,1580.8759825
Sudan,SDN,2004,1643.0695281
Sudan,SDN,2005,1832.723858
Sudan,SDN,2006,1935.5151398
Sudan,SDN,2007,2005.0008947
Sudan,SDN,2008,2053.2391057
Sudan,SDN,2009,2214.1625742
Sudan,SDN,2010,2289.0538139
Suriname,SUR,2000,6629.4473383
Suriname,SUR,2001,6688.652346
Suriname,SUR,2002,7361.8845296
Suriname,SUR,2003,7998.5318779
Suriname,SUR,2004,8361.1171683
Suriname,SUR,2005,9658.513353
Suriname,SUR,2006,9861.7641303
Suriname,SUR,2007,10631.824435
Suriname,SUR,2008,10923.000268
Suriname,SUR,2009,10692.325349
Suriname,SUR,2010,10644.829461
Swaziland,SWZ,2000,3440.6715451
Swaziland,SWZ,2001,3245.0985024
Swaziland,SWZ,2002,2944.8536448
Swaziland,SWZ,2003,3341.7736342
Swaziland,SWZ,2004,3094.137492
Swaziland,SWZ,2005,3284.1070286
Swaziland,SWZ,2006,3223.9582362
Swaziland,SWZ,2007,3298.4292328
Swaziland,SWZ,2008,3439.216251
Swaziland,SWZ,2009,3662.3309238
Swaziland,SWZ,2010,3680.748082
Sweden,SWE,2000,29990.39579
Sweden,SWE,2001,30323.864945
Sweden,SWE,2002,31037.130114
Sweden,SWE,2003,31695.163726
Sweden,SWE,2004,32973.232745
Sweden,SWE,2005,33958.517348
Sweden,SWE,2006,35367.842725
Sweden,SWE,2007,36503.390383
Sweden,SWE,2008,36212.522366
Sweden,SWE,2009,34264.377044
Sweden,SWE,2010,36132.558616
Switzerland,CHE,2000,35788.026565
Switzerland,CHE,2001,35952.51156
Switzerland,CHE,2002,35851.807862
Switzerland,CHE,2003,35521.708226
Switzerland,CHE,2004,36226.691668
Switzerland,CHE,2005,36993.952927
Switzerland,CHE,2006,38164.722446
Switzerland,CHE,2007,39374.883893
Switzerland,CHE,2008,40003.397524
Switzerland,CHE,2009,39069.541112
Switzerland,CHE,2010,39985.623483
Syria,SYR,2000,3383.2549653
Syria,SYR,2001,3458.2235376
Syria,SYR,2002,3631.4827107
Syria,SYR,2003,3427.7399945
Syria,SYR,2004,3653.5435181
Syria,SYR,2005,3722.7474776
Syria,SYR,2006,3896.5349196
Syria,SYR,2007,3832.4632783
Syria,SYR,2008,3780.4628755
Syria,SYR,2009,3798.5096548
Syria,SYR,2010,3791.4949986
Taiwan,TWN,2000,23022.824995
Taiwan,TWN,2001,22253.135817
Taiwan,TWN,2002,23303.337481
Taiwan,TWN,2003,24080.252949
Taiwan,TWN,2004,25610.339287
Taiwan,TWN,2005,26692.991386
Taiwan,TWN,2006,28031.013466
Taiwan,TWN,2007,29568.94741
Taiwan,TWN,2008,29629.735377
Taiwan,TWN,2009,28824.64363
Taiwan,TWN,2010,32117.699829
Tajikistan,TJK,2000,1028.2314459
Tajikistan,TJK,2001,1090.374452
Tajikistan,TJK,2002,1163.8873368
Tajikistan,TJK,2003,1321.443488
Tajikistan,TJK,2004,1395.5766167
Tajikistan,TJK,2005,1493.4480829
Tajikistan,TJK,2006,1476.7042653
Tajikistan,TJK,2007,1618.8106395
Tajikistan,TJK,2008,1562.2529055
Tajikistan,TJK,2009,1725.6426482
Tajikistan,TJK,2010,1764.8212197
Tanzania,TZA,2000,724.64021884
Tanzania,TZA,2001,751.69254605
Tanzania,TZA,2002,790.24936735
Tanzania,TZA,2003,833.85826386
Tanzania,TZA,2004,882.22599281
Tanzania,TZA,2005,931.75564612
Tanzania,TZA,2006,974.99595564
Tanzania,TZA,2007,1027.9999132
Tanzania,TZA,2008,1084.6997699
Tanzania,TZA,2009,1128.3891722
Tanzania,TZA,2010,1177.7017188
Thailand,THA,2000,5650.6297117
Thailand,THA,2001,5831.6477035
Thailand,THA,2002,6044.1821125
Thailand,THA,2003,6423.3830919
Thailand,THA,2004,6733.8752752
Thailand,THA,2005,6965.6676818
Thailand,THA,2006,7280.4281546
Thailand,THA,2007,7592.8357053
Thailand,THA,2008,7674.8368109
Thailand,THA,2009,7578.208304
Thailand,THA,2010,8065.5698611
Timor-Leste,TLS,2000,1259.3325519
Timor-Leste,TLS,2001,1321.7643897
Timor-Leste,TLS,2002,1149.5273158
Timor-Leste,TLS,2003,1041.2941216
Timor-Leste,TLS,2004,872.59893054
Timor-Leste,TLS,2005,919.3264937
Timor-Leste,TLS,2006,841.44379289
Timor-Leste,TLS,2007,890.43950451
Timor-Leste,TLS,2008,976.78674538
Timor-Leste,TLS,2009,1077.3971322
Timor-Leste,TLS,2010,1119.2351262
Togo,TGO,2000,777.16269595
Togo,TGO,2001,744.54273539
Togo,TGO,2002,717.09721928
Togo,TGO,2003,737.6666445
Togo,TGO,2004,733.44086181
Togo,TGO,2005,725.42877085
Togo,TGO,2006,738.1654214
Togo,TGO,2007,729.51074689
Togo,TGO,2008,721.81372047
Togo,TGO,2009,721.81951653
Togo,TGO,2010,732.85044418
Tonga,TON,2000,7515.6283747
Tonga,TON,2001,7468.0998562
Tonga,TON,2002,7542.7731803
Tonga,TON,2003,7747.4496083
Tonga,TON,2004,7776.0606835
Tonga,TON,2005,7640.2262113
Tonga,TON,2006,7724.8451376
Tonga,TON,2007,7316.8349077
Tonga,TON,2008,7751.568105
Tonga,TON,2009,7373.658999
Tonga,TON,2010,7538.3736516
Trinidad &Tobago,TTO,2000,15815.046879
Trinidad &Tobago,TTO,2001,15460.798843
Trinidad &Tobago,TTO,2002,15005.926533
Trinidad &Tobago,TTO,2003,19919.996696
Trinidad &Tobago,TTO,2004,21299.377563
Trinidad &Tobago,TTO,2005,23332.754904
Trinidad &Tobago,TTO,2006,23766.62875
Trinidad &Tobago,TTO,2007,26677.545641
Trinidad &Tobago,TTO,2008,32266.081677
Trinidad &Tobago,TTO,2009,30549.583234
Trinidad &Tobago,TTO,2010,30783.917193
Tunisia,TUN,2000,5381.4256433
Tunisia,TUN,2001,5541.9538425
Tunisia,TUN,2002,5419.434166
Tunisia,TUN,2003,5524.0473804
Tunisia,TUN,2004,5667.3487196
Tunisia,TUN,2005,5667.3777094
Tunisia,TUN,2006,5796.7879868
Tunisia,TUN,2007,5939.4070465
Tunisia,TUN,2008,6000.8081961
Tunisia,TUN,2009,5987.6458162
Tunisia,TUN,2010,6105.4082709
Turkey,TUR,2000,8158.7614884
Turkey,TUR,2001,7594.3448027
Turkey,TUR,2002,7925.020163
Turkey,TUR,2003,8267.6555516
Turkey,TUR,2004,8918.3907099
Turkey,TUR,2005,9531.9475517
Turkey,TUR,2006,10030.232114
Turkey,TUR,2007,10370.376037
Turkey,TUR,2008,10288.959341
Turkey,TUR,2009,9738.5320744
Turkey,TUR,2010,10439.90933
Turkmenistan,TKM,2000,8739.2424333
Turkmenistan,TKM,2001,8777.7511306
Turkmenistan,TKM,2002,8696.4780616
Turkmenistan,TKM,2003,8829.2019878
Turkmenistan,TKM,2004,9143.2876936
Turkmenistan,TKM,2005,10348.435383
Turkmenistan,TKM,2006,11290.094471
Turkmenistan,TKM,2007,12296.660144
Turkmenistan,TKM,2008,13712.15227
Turkmenistan,TKM,2009,14491.999885
Turkmenistan,TKM,2010,15658.94887
Uganda,UGA,2000,843.53205971
Uganda,UGA,2001,860.89922175
Uganda,UGA,2002,884.38465718
Uganda,UGA,2003,902.46144078
Uganda,UGA,2004,917.36587382
Uganda,UGA,2005,963.92579992
Uganda,UGA,2006,992.96740151
Uganda,UGA,2007,1024.1571135
Uganda,UGA,2008,1092.5207316
Uganda,UGA,2009,1106.1136035
Uganda,UGA,2010,1101.5269962
Ukraine,UKR,2000,3733.6381115
Ukraine,UKR,2001,4096.3765498
Ukraine,UKR,2002,4409.6436471
Ukraine,UKR,2003,4869.0076391
Ukraine,UKR,2004,5558.4083056
Ukraine,UKR,2005,5876.1158108
Ukraine,UKR,2006,6416.4965298
Ukraine,UKR,2007,7046.2341182
Ukraine,UKR,2008,7419.5071907
Ukraine,UKR,2009,6692.9172145
Ukraine,UKR,2010,7047.705761
United Arab Emirates,ARE,2000,61722.230578
United Arab Emirates,ARE,2001,60015.268734
United Arab Emirates,ARE,2002,58387.843068
United Arab Emirates,ARE,2003,60345.932823
United Arab Emirates,ARE,2004,62406.350958
United Arab Emirates,ARE,2005,62640.933315
United Arab Emirates,ARE,2006,65878.903805
United Arab Emirates,ARE,2007,65415.683478
United Arab Emirates,ARE,2008,64148.054514
United Arab Emirates,ARE,2009,61096.834409
United Arab Emirates,ARE,2010,60131.745122
United Kingdom,GBR,2000,30152.058331
United Kingdom,GBR,2001,30996.009269
United Kingdom,GBR,2002,31710.686137
United Kingdom,GBR,2003,32701.787737
United Kingdom,GBR,2004,33501.780005
United Kingdom,GBR,2005,33982.908207
United Kingdom,GBR,2006,34685.562141
United Kingdom,GBR,2007,35705.640454
United Kingdom,GBR,2008,35044.6225
United Kingdom,GBR,2009,33153.210635
United Kingdom,GBR,2010,34266.967595
United States,USA,2000,39643.498487
United States,USA,2001,39516.663551
United States,USA,2002,39769.199589
United States,USA,2003,40429.707805
United States,USA,2004,41540.658526
United States,USA,2005,42482.387617
United States,USA,2006,43215.471277
United States,USA,2007,43517.262782
United States,USA,2008,42731.435384
United States,USA,2009,40401.588861
United States,USA,2010,41376.080966
Uruguay,URY,2000,8618.8868108
Uruguay,URY,2001,8261.5547325
Uruguay,URY,2002,7618.7162613
Uruguay,URY,2003,7717.1194536
Uruguay,URY,2004,8091.4157519
Uruguay,URY,2005,8709.7836375
Uruguay,URY,2006,9087.8926301
Uruguay,URY,2007,9737.2834105
Uruguay,URY,2008,10604.880087
Uruguay,URY,2009,10804.642528
Uruguay,URY,2010,11717.628704
Uzbekistan,UZB,2000,1559.9118754
Uzbekistan,UZB,2001,1552.6580376
Uzbekistan,UZB,2002,1616.761673
Uzbekistan,UZB,2003,1675.8017514
Uzbekistan,UZB,2004,1791.1984679
Uzbekistan,UZB,2005,1906.5719949
Uzbekistan,UZB,2006,1970.5599847
Uzbekistan,UZB,2007,2158.5718797
Uzbekistan,UZB,2008,2298.7662047
Uzbekistan,UZB,2009,2519.3413701
Uzbekistan,UZB,2010,2678.5138843
Vanuatu,VUT,2000,5537.3077653
Vanuatu,VUT,2001,5083.1182762
Vanuatu,VUT,2002,5088.2125326
Vanuatu,VUT,2003,5187.9910276
Vanuatu,VUT,2004,5272.8515959
Vanuatu,VUT,2005,5330.6707784
Vanuatu,VUT,2006,5638.3197642
Vanuatu,VUT,2007,6046.5561489
Vanuatu,VUT,2008,6388.5348211
Vanuatu,VUT,2009,6428.3951531
Vanuatu,VUT,2010,6696.4724322
Venezuela,VEN,2000,8640.8150905
Venezuela,VEN,2001,8681.3391263
Venezuela,VEN,2002,7906.0889612
Venezuela,VEN,2003,7163.6413077
Venezuela,VEN,2004,8265.8677299
Venezuela,VEN,2005,8920.9010304
Venezuela,VEN,2006,9477.723062
Venezuela,VEN,2007,9965.7879127
Venezuela,VEN,2008,10168.180033
Venezuela,VEN,2009,9509.5102822
Venezuela,VEN,2010,9070.929923
Vietnam,VNM,2000,1538.6316253
Vietnam,VNM,2001,1614.2231206
Vietnam,VNM,2002,1683.0118971
Vietnam,VNM,2003,1770.8600081
Vietnam,VNM,2004,1912.0492337
Vietnam,VNM,2005,2088.371997
Vietnam,VNM,2006,2239.8233416
Vietnam,VNM,2007,2307.4638266
Vietnam,VNM,2008,2429.5552139
Vietnam,VNM,2009,2548.644122
Vietnam,VNM,2010,2778.6357485
Yemen,YEM,2000,2048.7631186
Yemen,YEM,2001,2112.0581411
Yemen,YEM,2002,2122.2575028
Yemen,YEM,2003,2161.2559104
Yemen,YEM,2004,2196.0829895
Yemen,YEM,2005,2240.1419682
Yemen,YEM,2006,2230.6052739
Yemen,YEM,2007,2264.6920375
Yemen,YEM,2008,2282.9040209
Yemen,YEM,2009,2297.6356323
Yemen,YEM,2010,2395.5981696
Zambia,ZMB,2000,973.88913058
Zambia,ZMB,2001,1029.3759367
Zambia,ZMB,2002,1051.8433121
Zambia,ZMB,2003,1011.5724454
Zambia,ZMB,2004,1057.8251239
Zambia,ZMB,2005,1066.6425707
Zambia,ZMB,2006,1120.7529441
Zambia,ZMB,2007,1406.1056225
Zambia,ZMB,2008,1438.9787319
Zambia,ZMB,2009,1403.6618912
Zambia,ZMB,2010,1518.0377072
Zimbabwe,ZWE,2000,392.97418222
Zimbabwe,ZWE,2001,374.00357092
Zimbabwe,ZWE,2002,331.81474554
Zimbabwe,ZWE,2003,374.93936058
Zimbabwe,ZWE,2004,343.28795589
Zimbabwe,ZWE,2005,323.26037198
Zimbabwe,ZWE,2006,361.01874601
Zimbabwe,ZWE,2007,294.53633495
Zimbabwe,ZWE,2008,275.7033274
Zimbabwe,ZWE,2009,300.42828905
Zimbabwe,ZWE,2010,318.80410029
